transaction_id,sales_date,sales_time,customer_id,gender,age,category,quantity,price_per_unit,cogs,total_sale
2,2022-06-24,10:07:00,104,female,26,Clothing,2,500,135,1000
3,2022-06-14,07:08:00,114,male,50,Electronics,1,30,8.1,30
7,2023-07-06,06:24:00,38,male,46,Clothing,2,25,13.25,50
8,2022-12-27,11:19:00,148,male,30,Electronics,4,25,11,100
11,2022-02-27,10:30:00,151,male,23,Clothing,2,50,23.5,100
14,2022-05-18,07:11:00,8,male,64,Clothing,4,30,13.2,120
15,2022-07-01,11:50:00,75,female,42,Electronics,4,500,210,2000
16,2022-06-25,10:33:00,82,male,19,Clothing,3,500,180,1500
21,2022-07-11,07:33:00,59,female,50,Beauty,1,500,275,500
32,2022-07-16,09:11:00,150,male,30,Beauty,3,30,8.4,90
33,2023-12-24,07:40:00,33,female,50,Electronics,2,50,21,100
38,2023-02-25,11:39:00,147,male,38,Beauty,4,50,26,200
41,2022-10-11,10:36:00,88,male,34,Clothing,2,25,13.25,50
42,2022-12-08,08:29:00,63,male,22,Clothing,3,300,147,900
44,2022-03-03,11:07:00,93,female,22,Clothing,1,25,11.75,25
49,2022-09-17,10:33:00,37,female,54,Electronics,2,500,255,1000
52,2022-09-19,09:42:00,55,female,36,Beauty,1,300,111,300
54,2022-10-20,10:17:00,142,female,38,Electronics,3,500,200,1500
63,2022-02-03,11:49:00,127,male,57,Electronics,2,25,6.25,50
64,2022-11-15,06:34:00,7,male,49,Clothing,4,25,8.5,100
68,2022-12-15,09:06:00,146,male,25,Electronics,1,300,84,300
70,2022-12-27,10:48:00,147,female,43,Clothing,1,300,84,300
76,2023-09-09,07:33:00,70,female,22,Electronics,2,50,14.5,100
85,2022-09-03,08:05:00,68,male,31,Clothing,3,50,19,150
88,2023-02-16,08:31:00,122,male,56,Clothing,1,500,185,500
91,2023-04-14,06:31:00,152,female,55,Electronics,1,500,235,500
101,2022-01-08,08:46:00,24,male,32,Clothing,2,300,135,600
103,2022-11-12,10:05:00,33,female,59,Clothing,1,25,10.75,25
107,2022-10-06,09:18:00,75,female,21,Clothing,4,300,78,1200
117,2023-08-04,11:38:00,8,male,19,Electronics,2,500,230,1000
119,2023-09-01,09:11:00,127,female,60,Clothing,3,50,27.5,150
130,2023-06-19,06:21:00,114,female,57,Clothing,1,500,125,500
133,2022-06-23,09:01:00,70,male,20,Electronics,3,300,87,900
134,2022-08-25,09:03:00,132,male,49,Electronics,1,50,16,50
135,2022-04-18,07:22:00,104,male,20,Clothing,2,25,13,50
136,2023-12-26,08:59:00,25,male,44,Electronics,2,300,141,600
138,2023-04-27,10:56:00,127,male,49,Clothing,4,50,26.5,200
142,2022-04-08,10:05:00,61,male,35,Electronics,4,300,138,1200
150,2022-04-13,08:25:00,89,female,55,Electronics,4,30,16.2,120
152,2022-06-16,11:58:00,120,male,43,Electronics,4,500,210,2000
158,2022-01-21,11:38:00,141,female,44,Electronics,2,300,132,600
161,2023-07-01,06:58:00,104,male,64,Beauty,2,500,195,1000
163,2022-10-31,09:38:00,144,female,64,Clothing,3,50,23,150
166,2023-01-28,11:42:00,32,male,34,Clothing,4,500,225,2000
168,2022-04-29,09:20:00,138,male,53,Clothing,1,300,102,300
175,2023-01-25,10:02:00,23,female,31,Electronics,4,25,12.5,100
177,2023-03-24,08:40:00,30,male,45,Beauty,2,50,26.5,100
180,2022-11-05,10:47:00,117,male,41,Clothing,3,300,129,900
184,2022-02-13,06:44:00,128,male,31,Electronics,4,50,17,200
185,2022-06-27,09:48:00,57,male,24,Clothing,1,25,7,25
189,2022-01-02,09:44:00,143,male,63,Beauty,1,50,14.5,50
192,2022-11-08,08:05:00,134,male,62,Beauty,2,50,13,100
193,2022-03-27,10:40:00,55,male,35,Beauty,3,500,180,1500
195,2022-08-14,11:51:00,10,male,52,Clothing,1,30,9.3,30
197,2022-04-03,11:57:00,14,female,42,Clothing,4,50,25.5,200
198,2022-05-21,11:42:00,30,female,54,Beauty,3,300,114,900
202,2023-01-25,06:24:00,61,female,34,Clothing,4,300,120,1200
220,2022-05-07,06:44:00,138,male,64,Beauty,1,500,140,500
223,2022-01-15,11:18:00,61,female,64,Clothing,1,25,12,25
225,2022-03-05,07:37:00,85,female,57,Beauty,4,25,12.75,100
231,2022-07-09,07:02:00,50,female,23,Clothing,3,50,26.5,150
232,2022-08-12,07:14:00,150,female,43,Beauty,1,25,12.75,25
235,2022-03-10,10:13:00,132,female,23,Electronics,2,500,275,1000
237,2022-04-11,08:54:00,105,female,50,Beauty,2,500,165,1000
238,2022-05-10,11:52:00,20,female,39,Beauty,1,500,150,500
240,2022-11-05,11:49:00,95,female,23,Beauty,1,300,123,300
248,2022-07-02,07:11:00,5,male,26,Clothing,3,300,126,900
255,2023-10-15,11:44:00,19,male,48,Clothing,1,30,14.7,30
256,2022-01-09,08:05:00,3,male,23,Clothing,2,500,270,1000
257,2022-12-10,08:49:00,130,male,19,Beauty,4,500,165,2000
264,2022-12-26,11:03:00,111,male,47,Clothing,3,300,150,900
268,2022-04-14,08:26:00,93,female,28,Electronics,1,30,8.7,30
269,2022-09-19,11:31:00,87,male,25,Clothing,4,500,250,2000
272,2022-06-10,11:57:00,112,female,61,Electronics,2,50,27.5,100
275,2023-03-05,11:34:00,2,male,43,Clothing,2,500,260,1000
278,2023-12-22,11:42:00,71,female,37,Clothing,4,25,13.5,100
280,2023-11-17,09:35:00,76,female,37,Clothing,3,500,240,1500
284,2022-11-12,09:17:00,129,male,43,Clothing,4,50,20.5,200
287,2022-08-26,11:07:00,88,male,54,Clothing,4,25,10,100
288,2022-05-02,09:59:00,27,male,28,Clothing,4,30,12,120
291,2022-11-22,08:29:00,15,male,60,Clothing,2,300,126,600
292,2022-10-10,06:33:00,111,male,20,Beauty,4,300,141,1200
294,2023-10-09,09:24:00,89,female,23,Clothing,3,30,15.3,90
300,2022-01-08,09:41:00,138,female,19,Electronics,4,50,26.5,200
301,2023-07-30,10:58:00,104,male,30,Clothing,4,30,9.6,120
303,2022-04-22,11:09:00,54,male,19,Electronics,3,30,14.7,90
313,2023-12-16,10:03:00,11,female,55,Beauty,3,500,140,1500
314,2023-10-15,07:37:00,1,male,52,Clothing,4,30,7.8,120
317,2022-05-04,07:54:00,117,male,22,Electronics,3,30,12,90
320,2022-04-20,08:35:00,57,female,28,Electronics,4,300,159,1200
322,2022-10-19,06:11:00,13,male,51,Electronics,1,500,125,500
323,2022-01-21,08:22:00,97,female,29,Beauty,3,300,150,900
328,2023-10-29,06:56:00,9,male,39,Beauty,2,50,27,100
329,2022-10-27,07:42:00,52,female,46,Electronics,4,25,8,100
331,2022-08-16,08:33:00,28,male,28,Electronics,3,30,10.2,90
332,2023-04-24,11:28:00,138,male,58,Electronics,4,300,105,1200
333,2022-10-06,08:15:00,21,female,54,Electronics,4,300,99,1200
335,2022-02-02,09:23:00,2,female,47,Beauty,4,30,10.8,120
339,2022-08-18,10:27:00,33,female,22,Electronics,2,25,10.25,50
344,2022-07-17,09:47:00,69,female,42,Beauty,1,30,7.5,30
346,2022-09-05,06:54:00,38,male,59,Clothing,2,500,215,1000
360,2022-09-09,09:04:00,26,male,42,Clothing,4,25,10.5,100
366,2022-10-29,09:32:00,116,male,57,Clothing,2,50,17.5,100
367,2022-12-30,07:03:00,123,female,57,Electronics,1,50,18,50
371,2022-12-18,10:01:00,32,female,20,Beauty,1,25,13,25
372,2022-06-19,11:45:00,27,female,24,Beauty,3,500,140,1500
377,2022-09-13,08:30:00,141,female,46,Clothing,4,50,18,200
379,2022-06-01,07:28:00,76,female,47,Clothing,1,25,8.5,25
383,2023-03-24,08:53:00,64,female,46,Beauty,3,30,7.8,90
391,2022-03-25,07:37:00,68,male,19,Beauty,2,25,6.25,50
396,2022-12-15,07:11:00,29,female,55,Beauty,1,30,10.8,30
397,2023-10-26,08:06:00,59,female,30,Beauty,1,25,10.5,25
399,2022-12-07,09:25:00,136,female,64,Beauty,2,30,12.9,60
400,2022-03-08,09:52:00,2,male,53,Clothing,4,50,24,200
402,2023-07-12,08:45:00,63,female,41,Clothing,2,300,135,600
415,2022-01-05,09:59:00,85,male,53,Clothing,2,30,8.1,60
416,2022-08-21,09:29:00,55,male,53,Electronics,4,500,245,2000
420,2022-01-02,10:53:00,28,female,22,Clothing,4,500,200,2000
421,2022-04-08,08:43:00,66,female,37,Clothing,3,500,235,1500
423,2022-07-18,06:06:00,41,female,27,Clothing,1,25,11.75,25
426,2023-12-13,08:11:00,137,male,23,Electronics,3,50,12.5,150
432,2022-03-10,11:31:00,17,female,22,Electronics,2,500,190,1000
433,2022-07-29,08:48:00,144,male,29,Beauty,4,50,20,200
434,2022-10-26,06:09:00,50,female,43,Electronics,2,25,8.25,50
436,2023-10-22,11:54:00,21,female,57,Clothing,4,30,13.5,120
438,2022-08-31,10:15:00,88,female,42,Clothing,1,30,15.9,30
442,2023-06-30,11:07:00,24,female,60,Clothing,4,25,13.25,100
444,2022-10-06,07:06:00,51,female,61,Clothing,3,30,15.9,90
445,2022-04-14,10:48:00,132,female,53,Electronics,1,300,138,300
448,2022-03-19,09:36:00,86,female,54,Beauty,2,30,16.2,60
454,2022-03-12,07:20:00,13,female,46,Beauty,1,25,13,25
459,2023-05-23,07:12:00,122,male,28,Clothing,4,300,75,1200
461,2023-07-18,10:33:00,21,female,18,Beauty,2,500,265,1000
462,2023-08-26,10:04:00,71,male,63,Electronics,4,300,132,1200
464,2022-03-06,11:13:00,24,male,38,Electronics,2,300,75,600
465,2023-02-22,11:52:00,40,female,43,Electronics,3,50,15.5,150
471,2023-03-08,10:21:00,136,male,32,Clothing,3,50,13,150
473,2022-09-25,10:09:00,1,male,64,Beauty,1,50,14.5,50
475,2022-08-12,10:39:00,78,male,26,Clothing,3,25,9,75
484,2022-03-13,07:52:00,135,female,19,Clothing,4,300,75,1200
490,2022-01-27,06:07:00,43,male,34,Clothing,3,50,18.5,150
499,2022-04-03,10:52:00,15,male,46,Beauty,2,30,16.5,60
500,2022-10-14,06:11:00,120,female,60,Beauty,4,25,11.5,100
502,2023-07-22,11:00:00,31,male,43,Electronics,3,50,22.5,150
505,2022-12-17,07:25:00,86,male,24,Beauty,1,50,19.5,50
506,2022-04-29,07:13:00,9,male,34,Beauty,3,500,200,1500
514,2022-11-04,08:35:00,139,female,18,Electronics,1,300,96,300
517,2023-08-20,08:54:00,3,female,47,Clothing,4,25,9.25,100
519,2022-04-08,10:17:00,52,female,36,Electronics,4,30,16.5,120
522,2022-07-09,11:00:00,52,male,46,Beauty,3,500,145,1500
530,2022-05-01,07:52:00,8,female,18,Electronics,4,30,9,120
536,2022-08-20,06:25:00,17,female,55,Beauty,4,30,8.7,120
547,2022-11-14,07:36:00,3,male,63,Clothing,4,500,250,2000
553,2023-03-20,06:17:00,106,male,24,Clothing,4,300,81,1200
559,2022-12-12,10:48:00,5,female,40,Clothing,4,300,84,1200
575,2023-12-12,10:29:00,14,male,60,Clothing,2,50,23,100
577,2022-04-21,11:55:00,45,male,21,Beauty,4,500,215,2000
584,2022-12-31,10:21:00,106,female,27,Beauty,4,50,16.5,200
590,2023-05-04,11:52:00,151,male,36,Clothing,3,300,135,900
591,2022-03-21,08:38:00,94,male,53,Electronics,4,25,6.5,100
592,2022-12-26,09:15:00,77,female,46,Beauty,4,500,275,2000
596,2022-02-12,08:44:00,87,female,64,Electronics,1,300,93,300
607,2023-05-05,09:33:00,109,male,54,Clothing,3,25,13.25,75
610,2022-12-18,06:56:00,137,female,26,Beauty,2,300,93,600
611,2022-07-21,08:13:00,11,male,51,Beauty,3,500,180,1500
614,2023-02-13,06:28:00,61,female,39,Beauty,4,300,120,1200
618,2022-10-13,10:22:00,5,female,27,Beauty,1,50,26,50
621,2022-04-13,09:55:00,138,female,40,Beauty,2,500,275,1000
623,2023-11-15,10:00:00,39,male,34,Clothing,3,50,26,150
636,2023-05-09,06:15:00,60,female,21,Beauty,3,500,230,1500
649,2022-06-21,08:17:00,44,female,58,Clothing,2,300,135,600
657,2022-01-29,08:53:00,46,male,40,Clothing,1,25,8,25
658,2023-10-30,07:47:00,93,male,59,Clothing,1,25,6.5,25
659,2023-06-09,06:08:00,75,female,39,Electronics,1,30,8.1,30
663,2023-08-16,06:32:00,133,male,23,Clothing,4,300,87,1200
666,2022-03-03,10:59:00,49,male,51,Electronics,3,50,16,150
673,2022-07-04,10:14:00,18,female,43,Clothing,3,500,270,1500
679,2022-08-26,08:59:00,64,female,18,Beauty,4,50,27.5,200
683,2022-03-06,10:22:00,82,male,38,Beauty,2,500,175,1000
697,2022-12-25,07:52:00,152,male,53,Clothing,1,500,200,500
703,2023-07-31,09:56:00,140,male,34,Electronics,2,50,18.5,100
705,2022-09-30,07:28:00,37,male,60,Electronics,2,25,6.25,50
708,2022-04-06,08:38:00,62,female,43,Beauty,3,300,87,900
713,2022-04-16,11:43:00,39,male,34,Beauty,3,25,11.25,75
714,2022-10-29,08:50:00,20,female,18,Clothing,1,500,190,500
717,2023-11-30,08:15:00,8,male,57,Clothing,1,500,190,500
719,2023-07-02,07:19:00,37,female,42,Clothing,2,30,12,60
720,2022-04-08,08:50:00,116,female,56,Beauty,3,500,235,1500
732,2022-10-13,08:45:00,136,male,61,Electronics,2,500,250,1000
734,2022-03-12,08:54:00,77,female,27,Clothing,1,30,15.6,30
736,2022-12-18,08:30:00,97,male,29,Clothing,4,25,9.75,100
740,2022-12-01,06:58:00,33,female,25,Beauty,4,50,13,200
742,2022-03-19,06:08:00,37,female,38,Electronics,4,500,195,2000
743,2022-08-07,07:54:00,55,female,34,Beauty,4,500,260,2000
746,2022-07-05,11:33:00,42,female,33,Clothing,4,50,18,200
748,2023-03-01,09:35:00,132,male,25,Clothing,3,50,24,150
750,2022-11-13,07:33:00,69,female,35,Clothing,3,25,8.75,75
753,2022-07-06,10:07:00,70,female,32,Clothing,1,30,15.9,30
760,2023-06-26,07:59:00,14,male,27,Beauty,1,500,125,500
763,2022-04-23,09:43:00,58,male,34,Clothing,2,25,11.5,50
764,2023-11-07,08:46:00,47,female,40,Clothing,1,25,11.25,25
766,2022-01-04,08:02:00,128,male,38,Electronics,3,300,165,900
768,2022-06-27,06:50:00,58,female,24,Beauty,3,25,10.5,75
775,2022-05-06,11:07:00,98,female,46,Electronics,4,25,9.5,100
780,2022-07-06,11:30:00,107,male,52,Electronics,2,25,13.25,50
785,2022-10-19,06:09:00,88,female,31,Beauty,4,50,13,200
787,2022-06-10,10:42:00,25,male,41,Electronics,1,25,13.75,25
793,2022-05-27,10:53:00,1,male,54,Beauty,1,30,14.7,30
797,2022-09-16,06:38:00,116,male,48,Clothing,3,25,10.75,75
800,2022-09-19,07:33:00,111,male,32,Clothing,4,300,87,1200
806,2023-01-22,08:08:00,14,female,35,Beauty,3,300,165,900
808,2023-11-22,07:18:00,30,male,33,Beauty,4,500,195,2000
821,2022-11-23,11:27:00,40,male,49,Electronics,1,300,129,300
831,2022-11-30,11:49:00,149,male,27,Electronics,4,25,13.75,100
834,2023-11-26,06:55:00,13,female,56,Beauty,2,30,14.7,60
845,2022-10-27,10:12:00,25,male,26,Clothing,1,500,145,500
847,2023-01-10,08:42:00,2,female,18,Electronics,4,300,162,1200
848,2022-01-24,10:46:00,15,female,63,Clothing,3,25,9.75,75
860,2022-04-11,08:58:00,85,male,63,Clothing,4,50,16,200
861,2022-09-30,08:57:00,22,female,41,Clothing,3,30,9.6,90
885,2022-09-17,10:10:00,121,female,52,Clothing,4,30,14.4,120
888,2022-12-01,06:03:00,63,female,52,Electronics,4,25,12.75,100
891,2023-01-09,06:43:00,24,male,41,Electronics,3,300,99,900
900,2022-11-10,08:41:00,130,male,21,Clothing,2,30,15.6,60
905,2023-10-01,06:27:00,96,male,58,Beauty,1,300,111,300
907,2022-09-02,06:16:00,145,female,45,Electronics,1,25,8.5,25
910,2022-08-21,06:29:00,138,female,20,Beauty,3,50,22.5,150
912,2022-10-31,06:18:00,122,male,51,Beauty,3,50,20.5,150
913,2022-10-12,10:52:00,78,male,29,Electronics,3,30,16.5,90
917,2022-02-15,11:50:00,120,female,57,Electronics,4,50,16.5,200
920,2022-08-20,10:25:00,99,female,28,Beauty,3,25,6.75,75
921,2022-09-28,09:34:00,101,male,65,Electronics,3,25,8,75
928,2023-11-05,10:20:00,54,female,35,Clothing,4,300,90,1200
929,2022-03-11,10:18:00,40,female,23,Beauty,3,25,10.5,75
932,2022-10-08,08:33:00,120,female,45,Beauty,4,25,7.75,100
933,2022-09-19,07:53:00,81,male,22,Beauty,1,30,12.9,30
936,2022-01-05,10:51:00,143,male,57,Beauty,4,50,19.5,200
940,2022-01-05,08:11:00,46,female,20,Electronics,1,30,9.6,30
941,2023-04-28,09:58:00,39,female,57,Clothing,2,25,6.5,50
942,2023-12-01,09:22:00,35,male,51,Clothing,3,500,160,1500
945,2022-10-01,10:01:00,120,male,30,Beauty,1,25,13.25,25
947,2022-07-31,07:09:00,4,male,50,Beauty,1,300,129,300
964,2022-08-26,08:18:00,15,male,24,Clothing,3,300,156,900
966,2022-11-07,07:22:00,119,male,60,Electronics,2,500,190,1000
972,2022-08-16,11:42:00,139,male,49,Beauty,4,25,6.75,100
973,2023-09-03,08:44:00,51,male,60,Clothing,1,50,13,50
975,2023-01-09,07:41:00,145,female,56,Clothing,4,50,19.5,200
977,2022-07-26,08:35:00,46,female,35,Electronics,3,25,13.75,75
978,2023-07-27,09:58:00,16,female,53,Clothing,3,50,19,150
979,2022-05-18,10:18:00,6,female,19,Beauty,1,25,10.5,25
986,2022-08-01,09:35:00,65,female,49,Clothing,2,500,200,1000
993,2022-09-07,09:21:00,134,female,48,Electronics,3,50,17,150
1002,2022-03-02,09:24:00,69,female,26,Clothing,2,500,270,1000
1003,2022-01-26,07:59:00,80,male,50,Electronics,1,30,15.9,30
1007,2023-06-09,10:09:00,15,male,46,Clothing,2,25,11.5,50
1008,2022-01-10,08:51:00,116,male,30,Electronics,4,25,13,100
1011,2022-04-01,06:48:00,15,male,23,Clothing,2,50,19,100
1014,2022-02-04,10:26:00,147,male,64,Clothing,4,30,11.4,120
1015,2022-03-09,11:53:00,94,female,42,Electronics,4,500,200,2000
1016,2022-12-12,07:39:00,52,male,19,Clothing,3,500,200,1500
1021,2022-06-11,10:19:00,44,female,50,Beauty,1,500,155,500
1032,2022-04-01,08:15:00,1,male,30,Beauty,3,30,10.5,90
1033,2023-04-12,06:52:00,32,female,50,Electronics,2,50,19,100
1038,2023-12-30,09:09:00,11,male,38,Beauty,4,50,20.5,200
1041,2022-05-10,07:27:00,74,male,34,Clothing,2,25,11,50
1042,2022-02-11,06:21:00,7,male,22,Clothing,3,300,150,900
1044,2022-02-20,09:08:00,70,female,22,Clothing,1,25,7.5,25
1049,2022-05-16,06:36:00,143,female,54,Electronics,2,500,125,1000
1052,2022-02-12,06:12:00,94,female,36,Beauty,1,300,120,300
1054,2022-01-10,09:24:00,49,female,38,Electronics,3,500,140,1500
1063,2022-08-04,10:26:00,56,male,57,Electronics,2,25,11,50
1064,2022-04-14,10:38:00,49,male,49,Clothing,4,25,13.75,100
1068,2022-09-14,10:11:00,136,male,25,Electronics,1,300,111,300
1070,2022-07-14,11:12:00,102,female,43,Clothing,1,300,120,300
1076,2023-07-14,11:09:00,99,female,22,Electronics,2,50,15,100
1085,2022-08-12,09:29:00,76,male,31,Clothing,3,50,17,150
1088,2023-09-14,07:00:00,6,male,56,Clothing,1,500,155,500
1091,2023-07-15,08:46:00,139,female,55,Electronics,1,500,235,500
1101,2022-05-17,07:47:00,15,male,32,Clothing,2,300,132,600
1103,2022-02-14,07:11:00,61,female,59,Clothing,1,25,6.75,25
1107,2022-12-31,11:14:00,62,female,21,Clothing,4,300,102,1200
1117,2023-09-11,07:48:00,144,male,19,Electronics,2,500,210,1000
1119,2023-11-19,09:36:00,1,female,60,Clothing,3,50,25.5,150
1130,2023-02-20,09:03:00,28,female,57,Clothing,1,500,180,500
1133,2022-03-05,06:42:00,58,male,20,Electronics,3,300,159,900
1134,2022-08-05,09:04:00,106,male,49,Electronics,1,50,24,50
1135,2022-01-14,08:16:00,124,male,20,Clothing,2,25,12.5,50
1136,2023-07-02,08:41:00,93,male,44,Electronics,2,300,81,600
1138,2023-10-16,11:59:00,27,male,49,Clothing,4,50,14.5,200
1142,2022-11-09,09:49:00,2,male,35,Electronics,4,300,114,1200
1150,2022-08-22,10:04:00,77,female,47,Electronics,4,30,10.2,120
1152,2022-12-26,07:48:00,87,male,43,Electronics,4,500,170,2000
1158,2022-02-24,09:29:00,77,female,44,Electronics,2,300,138,600
1161,2023-06-29,11:06:00,30,male,64,Beauty,2,500,160,1000
1163,2022-05-04,10:52:00,120,female,64,Clothing,3,50,27,150
1166,2023-07-19,07:45:00,65,male,34,Clothing,4,500,245,2000
1168,2022-07-10,07:56:00,68,male,53,Clothing,1,300,150,300
1175,2023-06-02,06:38:00,103,female,31,Electronics,4,25,11.5,100
1177,2023-02-20,09:19:00,89,male,45,Beauty,2,50,15,100
1180,2022-01-06,08:53:00,85,male,41,Clothing,3,300,129,900
1184,2022-02-12,08:28:00,23,male,31,Electronics,4,50,27.5,200
1185,2022-10-04,10:28:00,153,male,24,Clothing,1,25,10.25,25
1189,2022-12-07,06:08:00,104,male,63,Beauty,1,50,20.5,50
1192,2022-03-29,08:41:00,37,male,62,Beauty,2,50,20.5,100
1193,2022-05-11,11:31:00,50,male,35,Beauty,3,500,145,1500
1195,2022-09-21,07:07:00,55,male,52,Clothing,1,30,12,30
1197,2022-08-13,10:07:00,77,female,42,Clothing,4,50,19,200
1198,2022-08-07,10:43:00,147,female,54,Beauty,3,300,159,900
1202,2023-11-13,06:56:00,89,female,34,Clothing,4,300,144,1200
1220,2022-06-29,11:16:00,47,male,64,Beauty,1,500,240,500
1223,2022-02-20,07:40:00,106,female,64,Clothing,1,25,9.75,25
1225,2022-02-02,09:51:00,137,female,57,Beauty,3,30,10.8,90
1231,2022-01-29,07:05:00,12,female,23,Clothing,3,50,23,150
1232,2022-05-23,08:05:00,146,female,43,Beauty,1,25,6.25,25
1235,2022-04-04,06:44:00,87,female,23,Electronics,2,500,220,1000
1237,2022-02-23,09:20:00,48,female,50,Beauty,2,500,215,1000
1238,2022-09-17,07:38:00,129,female,39,Beauty,1,500,165,500
1240,2022-08-07,07:42:00,144,female,23,Beauty,1,300,90,300
1248,2022-09-08,08:20:00,68,male,26,Clothing,3,300,111,900
1255,2023-01-20,07:08:00,4,male,48,Clothing,1,30,7.8,30
1256,2022-11-05,09:58:00,29,male,23,Clothing,2,500,190,1000
1257,2022-05-10,11:55:00,29,male,19,Beauty,4,500,255,2000
1264,2022-05-27,09:23:00,82,male,47,Clothing,3,300,123,900
1268,2022-06-09,09:33:00,15,female,28,Electronics,1,30,14.1,30
1269,2022-01-01,08:09:00,71,male,25,Clothing,4,500,145,2000
1272,2022-04-14,11:59:00,66,female,61,Electronics,2,50,17,100
1278,2023-07-19,06:19:00,28,female,37,Clothing,4,25,6.75,100
1280,2023-08-24,09:15:00,116,female,37,Clothing,3,500,255,1500
1284,2022-12-16,11:43:00,145,male,43,Clothing,4,50,18,200
1287,2022-09-13,08:03:00,120,male,54,Clothing,4,25,7,100
1288,2022-04-05,11:56:00,26,male,28,Clothing,4,30,9,120
1291,2022-04-04,11:19:00,72,male,60,Clothing,2,300,153,600
1292,2022-05-15,08:20:00,88,male,20,Beauty,4,300,90,1200
1294,2023-01-24,11:24:00,8,female,23,Clothing,3,30,10.5,90
1300,2022-08-08,08:57:00,7,female,19,Electronics,4,50,24,200
1301,2023-09-24,09:58:00,70,male,30,Clothing,4,30,10.5,120
1303,2022-03-19,08:59:00,58,male,19,Electronics,3,30,15,90
1313,2023-06-04,09:22:00,10,female,55,Beauty,3,500,170,1500
1317,2022-08-25,08:02:00,144,male,22,Electronics,3,30,12,90
1320,2022-11-02,11:55:00,102,female,28,Electronics,4,300,84,1200
1322,2022-11-14,09:56:00,10,male,51,Electronics,1,500,250,500
1323,2022-08-15,10:49:00,136,female,29,Beauty,3,300,114,900
1328,2023-12-10,07:49:00,60,male,39,Beauty,2,50,24.5,100
1329,2022-01-27,10:39:00,119,female,46,Electronics,4,25,9.25,100
1331,2022-05-15,09:29:00,36,male,28,Electronics,3,30,13.8,90
1332,2023-12-04,10:02:00,146,male,58,Electronics,4,300,123,1200
1333,2022-11-01,11:38:00,151,female,54,Electronics,4,300,165,1200
1335,2022-05-27,08:45:00,117,female,47,Beauty,4,30,8.7,120
1339,2022-11-10,10:34:00,132,female,22,Electronics,2,25,7.5,50
1344,2022-12-18,06:12:00,144,female,42,Beauty,1,30,11.1,30
1346,2022-04-10,10:01:00,112,male,59,Clothing,2,500,130,1000
1360,2022-06-18,09:31:00,93,male,42,Clothing,4,25,6.25,100
1366,2022-01-01,11:34:00,25,male,57,Clothing,2,50,23.5,100
1367,2022-04-15,11:38:00,16,female,23,Electronics,1,50,15.5,50
1371,2022-05-06,06:52:00,41,female,20,Beauty,1,25,13.5,25
1372,2022-03-18,10:53:00,60,female,24,Beauty,3,500,145,1500
1377,2022-03-21,07:52:00,71,female,46,Clothing,4,50,14,200
1379,2022-01-02,06:23:00,69,female,47,Clothing,1,25,7.25,25
1383,2023-09-06,09:13:00,68,female,46,Beauty,3,30,14.1,90
1391,2022-03-01,11:29:00,130,male,66,Beauty,2,25,9.25,50
1396,2022-06-07,06:23:00,9,female,55,Beauty,1,30,8.4,30
1397,2023-01-01,11:05:00,6,female,30,Beauty,1,25,11.75,25
1399,2022-01-28,09:32:00,15,female,64,Beauty,2,30,16.2,60
1400,2022-09-12,11:54:00,115,male,53,Clothing,4,50,20,200
1402,2023-06-24,06:47:00,110,female,41,Clothing,2,300,156,600
1415,2022-03-06,07:11:00,146,male,53,Clothing,2,30,15.3,60
1416,2022-12-29,10:47:00,111,male,53,Electronics,4,500,125,2000
1420,2022-04-15,07:01:00,138,female,22,Clothing,4,500,205,2000
1421,2022-01-17,07:07:00,59,female,37,Clothing,3,500,185,1500
1423,2022-06-15,07:56:00,131,female,27,Clothing,1,25,11,25
1426,2023-12-12,11:32:00,114,male,23,Electronics,3,50,25,150
1432,2022-12-25,06:24:00,67,female,34,Electronics,2,500,245,1000
1433,2022-01-16,11:41:00,113,male,29,Beauty,4,50,15.5,200
1434,2022-02-04,10:02:00,147,female,43,Electronics,2,25,7,50
1436,2023-01-20,11:29:00,1,female,57,Clothing,4,30,9.9,120
1438,2022-01-07,10:00:00,72,female,42,Clothing,1,30,13.8,30
1442,2023-02-16,11:02:00,96,female,60,Clothing,4,25,11.25,100
1444,2022-04-29,06:18:00,135,female,61,Clothing,3,30,14.1,90
1445,2022-04-19,06:16:00,31,female,53,Electronics,1,300,129,300
1448,2022-05-16,06:28:00,51,female,54,Beauty,2,30,9.3,60
1454,2022-06-25,11:18:00,22,female,46,Beauty,1,25,6.75,25
1459,2023-11-10,06:46:00,13,male,28,Clothing,4,300,144,1200
1461,2023-05-01,08:43:00,63,female,18,Beauty,2,500,180,1000
1462,2023-11-13,10:42:00,124,male,63,Electronics,4,300,114,1200
1464,2022-11-13,10:06:00,80,male,38,Electronics,2,300,126,600
1465,2023-04-17,09:36:00,131,female,43,Electronics,3,50,26,150
1471,2023-06-25,10:34:00,30,male,32,Clothing,3,50,13,150
1473,2022-03-19,09:06:00,30,male,64,Beauty,1,50,13,50
1475,2022-10-04,07:03:00,132,male,26,Clothing,3,25,10.75,75
1484,2022-11-23,09:29:00,22,female,19,Clothing,4,300,147,1200
1490,2022-10-26,07:15:00,155,male,34,Clothing,3,50,17,150
1499,2022-09-23,09:46:00,3,male,46,Beauty,2,30,11.7,60
1500,2022-04-20,08:36:00,53,female,60,Beauty,4,25,8.5,100
1502,2023-04-08,08:30:00,152,male,43,Electronics,3,50,18,150
1505,2022-10-30,08:00:00,98,male,24,Beauty,1,50,14.5,50
1506,2022-01-09,07:31:00,52,male,34,Beauty,3,500,245,1500
1514,2022-07-12,10:55:00,59,female,18,Electronics,1,300,75,300
1519,2022-01-08,07:35:00,139,female,36,Electronics,4,30,9.3,120
1522,2022-11-14,08:35:00,48,male,46,Beauty,3,500,235,1500
1530,2022-12-10,08:17:00,93,female,18,Electronics,4,30,12.3,120
1536,2022-05-11,07:23:00,14,female,55,Beauty,4,30,13.5,120
1547,2022-08-11,06:39:00,142,male,63,Clothing,4,500,235,2000
1553,2023-01-29,08:46:00,42,male,24,Clothing,4,300,99,1200
1559,2022-08-20,07:40:00,49,female,40,Clothing,4,300,144,1200
1575,2023-07-28,11:54:00,26,male,60,Clothing,2,50,22.5,100
1577,2022-09-11,06:22:00,145,male,21,Beauty,4,500,160,2000
1584,2022-09-03,11:07:00,62,female,27,Beauty,4,50,16.5,200
1590,2023-08-10,09:39:00,142,male,36,Clothing,3,300,147,900
1591,2022-09-29,11:00:00,62,male,53,Electronics,4,25,7,100
1592,2022-03-16,09:08:00,81,female,46,Beauty,4,500,155,2000
1596,2022-03-28,06:22:00,7,female,64,Electronics,1,300,141,300
1607,2023-01-16,10:18:00,53,male,54,Clothing,3,25,7.75,75
1610,2022-11-23,10:18:00,1,female,26,Beauty,2,300,102,600
1611,2022-11-17,07:30:00,125,male,51,Beauty,3,500,180,1500
1614,2023-08-23,11:37:00,135,female,39,Beauty,4,300,105,1200
1618,2022-09-15,06:27:00,118,female,27,Beauty,1,50,13.5,50
1621,2022-09-22,10:49:00,2,female,40,Beauty,2,500,160,1000
1623,2023-03-05,06:14:00,76,male,34,Clothing,3,50,22,150
1636,2023-07-22,11:26:00,50,female,21,Beauty,3,500,150,1500
1649,2022-10-21,07:44:00,72,female,58,Clothing,2,300,75,600
1657,2022-08-09,10:05:00,61,male,40,Clothing,1,25,8,25
1658,2023-04-10,06:08:00,148,male,59,Clothing,1,25,12.25,25
1659,2023-07-27,09:29:00,22,female,39,Electronics,1,30,9,30
1663,2023-12-07,07:04:00,33,male,23,Clothing,4,300,81,1200
1666,2022-12-08,10:10:00,125,male,51,Electronics,3,50,21,150
1673,2022-06-14,07:36:00,42,female,43,Clothing,3,500,185,1500
1679,2022-09-23,08:08:00,71,female,18,Beauty,3,30,15.3,90
1683,2022-05-04,07:19:00,98,male,38,Beauty,2,500,220,1000
1697,2022-12-18,08:22:00,54,male,53,Clothing,1,500,265,500
1703,2023-06-10,08:36:00,2,male,34,Electronics,2,50,17,100
1705,2022-08-14,08:32:00,94,male,60,Electronics,2,25,8.75,50
1708,2022-02-08,07:47:00,41,female,43,Beauty,3,300,162,900
1713,2022-10-03,10:10:00,90,male,34,Beauty,3,25,10.75,75
1714,2022-11-23,06:07:00,111,female,18,Clothing,1,500,245,500
1717,2023-01-12,09:40:00,21,male,57,Clothing,1,500,175,500
1719,2023-12-28,07:29:00,4,female,42,Clothing,2,30,10.8,60
1720,2022-10-10,08:51:00,28,female,56,Beauty,3,500,190,1500
1732,2022-02-25,07:05:00,55,male,61,Electronics,2,500,215,1000
1734,2022-02-28,08:58:00,72,female,27,Clothing,1,30,14.4,30
1736,2022-08-28,08:57:00,87,male,29,Clothing,4,25,10.25,100
1740,2022-07-16,06:01:00,66,female,25,Beauty,4,50,27,200
1742,2022-11-22,08:25:00,18,female,38,Electronics,4,500,220,2000
1743,2022-10-26,09:37:00,47,female,34,Beauty,4,500,250,2000
1746,2022-06-13,07:59:00,88,female,33,Clothing,3,30,10.8,90
1748,2023-03-02,10:24:00,119,male,25,Clothing,3,50,15.5,150
1750,2022-01-20,10:10:00,138,female,35,Clothing,3,25,7.25,75
1753,2022-07-17,07:40:00,28,female,32,Clothing,1,30,10.5,30
1760,2023-08-23,07:26:00,44,male,27,Beauty,1,500,230,500
1763,2022-06-30,11:37:00,93,male,34,Clothing,2,25,13.5,50
1764,2023-11-02,11:04:00,13,female,40,Clothing,1,25,11.75,25
1766,2022-11-22,06:08:00,6,male,38,Electronics,3,300,129,900
1768,2022-07-31,09:52:00,85,female,24,Beauty,3,25,8.75,75
1775,2022-12-18,08:04:00,78,female,46,Electronics,4,25,13.75,100
1780,2022-12-11,10:00:00,32,male,52,Electronics,2,25,10.5,50
1785,2022-02-20,11:17:00,144,female,31,Beauty,4,50,17,200
1787,2022-05-30,07:42:00,104,male,41,Electronics,1,25,10,25
1793,2022-12-11,06:05:00,88,male,54,Beauty,1,30,10.8,30
1797,2022-04-16,11:47:00,147,male,40,Clothing,3,25,12.25,75
1800,2022-08-21,10:53:00,1,male,32,Clothing,4,300,111,1200
1806,2023-06-14,10:13:00,61,female,35,Beauty,3,300,102,900
1808,2023-02-12,10:48:00,109,male,33,Beauty,4,500,210,2000
1821,2022-10-03,07:17:00,42,male,49,Electronics,1,300,108,300
1831,2022-03-26,10:54:00,80,male,27,Electronics,4,25,6.5,100
1834,2023-04-14,06:53:00,102,female,56,Beauty,2,30,12.9,60
1845,2022-05-24,07:06:00,94,male,34,Clothing,1,500,185,500
1848,2022-12-27,10:16:00,63,female,63,Clothing,3,25,12.5,75
1860,2022-03-12,11:21:00,57,male,63,Clothing,4,50,18,200
1861,2022-07-04,10:41:00,145,female,41,Clothing,3,30,10.2,90
1885,2022-11-09,07:32:00,148,female,52,Clothing,4,30,10.8,120
1888,2022-06-14,08:10:00,49,female,52,Electronics,4,25,12.5,100
1891,2023-12-22,06:11:00,81,male,41,Electronics,3,300,105,900
1900,2022-01-21,06:43:00,65,male,21,Clothing,2,30,10.8,60
1905,2023-08-29,06:07:00,26,male,58,Beauty,1,300,102,300
1907,2022-11-17,11:21:00,115,female,45,Electronics,1,25,9,25
1910,2022-10-09,06:22:00,141,female,20,Beauty,3,50,18,150
1912,2022-05-27,07:40:00,146,male,51,Beauty,3,50,22,150
1913,2022-06-23,07:10:00,101,male,29,Electronics,3,30,14.1,90
1917,2022-05-02,07:17:00,52,female,57,Electronics,4,50,24,200
1920,2022-10-24,08:33:00,23,female,28,Beauty,3,25,9.25,75
1921,2022-02-08,07:01:00,77,male,51,Electronics,3,25,7.5,75
1928,2023-07-29,06:39:00,93,female,35,Clothing,4,300,75,1200
1929,2022-09-15,06:50:00,62,female,23,Beauty,3,25,12.75,75
1932,2022-11-08,07:07:00,96,female,45,Beauty,4,25,6.25,100
1933,2022-01-12,11:04:00,121,male,22,Beauty,1,30,14.4,30
1936,2022-06-19,11:32:00,60,male,57,Beauty,4,50,12.5,200
1940,2022-06-15,09:47:00,56,female,20,Electronics,1,30,11.1,30
1941,2023-01-06,06:14:00,48,female,57,Clothing,2,25,12,50
1942,2023-09-16,11:53:00,112,male,51,Clothing,3,500,265,1500
1945,2022-04-19,09:55:00,33,male,30,Beauty,1,25,10.75,25
1947,2022-03-05,06:27:00,134,male,50,Beauty,1,300,75,300
1964,2022-08-02,08:27:00,115,male,24,Clothing,3,300,111,900
1966,2022-07-20,09:52:00,74,male,60,Electronics,2,500,200,1000
1972,2022-12-21,06:39:00,5,male,49,Beauty,4,25,9.25,100
1973,2023-08-19,10:10:00,22,male,60,Clothing,1,50,21.5,50
1975,2023-08-21,10:48:00,63,female,56,Clothing,4,50,25.5,200
1977,2022-08-05,10:46:00,63,female,35,Electronics,3,25,12,75
1978,2023-08-31,11:59:00,41,female,53,Clothing,3,50,15.5,150
1979,2022-08-17,11:34:00,102,female,19,Beauty,1,25,7.75,25
1986,2022-09-14,08:28:00,29,female,49,Clothing,2,500,145,1000
1993,2022-12-29,11:53:00,123,female,48,Electronics,3,50,26.5,150
